title,channel,views,likes,engagement_percent
Devil Trailer Review | Darshan Devil Trailer Review | The Devil Movie Trailer | D Boss,Newz Alert,105707,9798,9.27
Long Slide Game with Cow Elephant Gorilla Hippopotamus Tiger 3d Animal Game Funny 3d Animals,kuly luly,1736543,153553,8.84
Tu Mo Suna Chadhei - Video | New Odia Song | Rupa & Pintu | Humane Sagar & LP Ananya ,Saregama Odia,675692,50472,7.47
"The Devil - Official Trailer | Darshan, Rachana Rai | Prakash Veer | B Ajaneesh Loknath",Saregama Kannada,5155178,382576,7.42
2025 GC League | Group Red Day 3 | WATCHPARTY WITH SNAX,Snax Gaming,1788536,70505,3.94
Titli : Sabba | Gur Sidhu (Official Video) New Punjabi Song 2025,Speed Records,625536,14192,2.27
Doorbin and Carry Survive The AIRPLANE CRASH ON THE ISLAND in Minecraft!,Carry Depie,727842,11020,1.51
Akhanda 2 Thaandavam Trailer | Nandamuri Balakrishna | Boyapati Sreenu | Thaman S,MS Talkies,1386575,16936,1.22
Video | मटन खाके बटन खोले | Chandan Chanchal | Matan Khake Batan Khole | New Bhojpuri Song 2025,Moons Music Bhojpuri,738644,3254,0.44
Shaky ( Official #Video ) Sanju Rathod Ft. Isha Malviya | G-Spark | New #Marathi Songs 2025,ManishSamratVEVO,706663,1527,0.22
